Date,Business Activity NSA,Business Activity SA,New Sales Orders NSA,New Sales Orders SA,Backlog of Sales Orders NSA,Inventories NSA,Inventories SA,Suppliers Performance NSA (not inverted),Suppliers Performance SA (inverted),Prices NSA,Employment NSA,Employment SA,Purchasing Commitments NSA,Exp. Business Conditions NSA,PMI NSA,PMI SA
31/07/2023,39.2,38.1,39.2,43.4,31.5,46.9,48.5,45.3,59,64.8,43.8,47.4,46,53.9,44.8,47.3
30/06/2023,41.1,45.6,37.9,43.5,48.2,46,47.4,71.3,43.5,47.9,35.8,52.4,45.5,47.6,45.5,47.6
31/05/2023,48.4,47.5,37.9,48.4,51.1,42.9,53.9,77,45.2,45.6,43.7,43.7,49.7,49.2,49.7,49.2
30/04/2023,38.5,44.3,36.5,53.9,58.8,46.2,53,75,43.3,45.4,49,51,45.8,49.8,45.8,49.8
31/03/2023,47.6,48.1,46.9,48.5,38.9,50,47.6,44.3,50.8,78.1,44.5,45.4,44.5,55.5,49,48.1
28/02/2023,46.8,45.5,48.4,49.4,46.8,48.4,46.5,47.6,55.3,78.6,48.4,47.1,41.3,46.8,48.9,48.8
31/01/2023,45.7,56,45,49.9,37.1,50,53.1,42,57.6,69.3,47.1,48.4,48.6,63.8,49.2,53
31/12/2022,39.2,45.2,47.1,53.8,42.3,46.2,46.3,34.3,65.8,64.4,53.8,54.3,45.1,54.9,50.4,53.1
30/11/2022,61.01694915,49.5,65.5,54.3,40.7,57.6,51.9,38.1,61.7,75.9,51.7,45.7,53.4,51.7,59.5,52.6
31/10/2022,56.4516129,48.77636753,55.8,46.41918246,44.4,54.8,51.33457144,37.9,61.908121,75.4,46,41.54158654,48.4,49.2,55,49.99596579
30/09/2022,41.97530864,39.8328707,43.7,39.83073337,38.1,54.3,52.96650314,40.6,61.70460473,79,48.1,46.64884166,50,51.2,49.5,48.19671072
31/08/2022,50.6097561,47.83774388,50,45.65086151,38.3,55.5,53.60615265,43.9,59.88795748,81.3,47.5,48.43348237,54.9,57.9,51.9,51.08323958
31/07/2022,41.55844156,40.33319134,34.9,38.59695779,37,57.3,59.36473117,44,60.22389618,87.5,44.8,48.41666709,45.4,49.4,46.9,49.38708872
30/06/2022,41.74757282,45.31248186,41.8,46.35987694,39.9,48.1,53.23944367,31.6,63.90469462,89.8,46.6,51.29888762,45.7,53.8,49.3,52.02307694
31/05/2022,50,48.49809628,56.3,55.32567647,41.9,57,60.19782382,39.1,58.01825289,88.1,50,50.44254478,53.1,63.3,54.9,54.49647885
30/04/2022,35.8490566,43.26791773,40.6,46.67919726,40.6,51.9,56.60574002,35.8,63.45786056,89.6,49,51.4427363,50,55.7,48.3,52.29069037
31/03/2022,58.16326531,58.73390019,57.1,59.11706563,41.8,63.3,60.18114149,31.6,64.87322697,95.9,49,49.94998334,58.2,55.1,59.2,58.57106352
28/02/2022,60.15625,58.45400719,56.3,57.36511799,44.5,61.9,59.47255382,35.7,66.4476757,89.8,50.8,49.44618074,58.6,69.5,58.7,58.23710709
31/01/2022,46.2962963,56.7303247,50.9,56.43654639,35.8,55.6,58.95123803,33.3,66.39429651,88.9,47.2,48.39413735,56.5,71.3,53.3,57.3813086
31/12/2021,43.87755102,50.54265017,46.875,53.4925106,35.41666667,56.12244898,56.33284256,30.6122449,69.48958716,89.79591837,41.66666667,42.02219833,54.16666667,53.06122449,51.58588435,54.37595776
30/11/2021,65.57377049,53.18172292,65.6,54.33247051,52.5,62.3,56.05316393,29.5,70.34104019,86.7,56.6,49.94408206,65,56.8,64.1,56.77049592
31/10/2021,52.41935484,45.69545646,55.7,46.88821359,53.2,59.7,56.32056548,29,71.03153924,84.4,52.5,47.67202006,59,62.1,58.3,53.52155897
30/09/2021,54.38596491,51.46717036,57.9,53.3749934,42.1,51.8,50.49052006,28.9,72.71706646,85.5,48.2,47.04343339,53.5,62.3,56.7,55.01863674
31/08/2021,54.03225806,52.03864481,56.6,52.51764932,41.8,55.8,53.92500818,32.8,69.88189139,84.2,47.6,48.53582734,54.9,59.7,56.2,55.37980421
31/07/2021,26.5625,25.98564361,31.25,34.13297761,35.15625,37.5,38.89272187,28.125,74.30187298,77.04918033,46.875,50.1872985,40.625,64.28571429,42.8125,44.70010292
30/06/2021,50.66666667,55.04739031,52,57.51328179,42,50.7,55.74791778,29.9,66.25622525,83.6,47.3,52.16102946,53.3,59.3,54.2,57.34516892
31/05/2021,59.52380952,57.59578435,59.5,58.72153276,45.2,60.3,63.2513368,38.7,58.45981406,87.1,50.8,51.11399838,64.3,63.5,58.3,57.82849327
30/04/2021,50.74626866,60.66545059,56.2,63.5657632,40.9,53,57.41549092,37.1,62.19611644,88.3,53,55.549152,54.5,67.9,55.2,59.87839463
31/03/2021,55.69620253,55.80631354,58.3,60.50630898,41,57.6,55.13874375,29.7,67.28022574,89,46.2,46.79624934,51.9,57,57.6,57.10556827
28/02/2021,54.22535211,52.36131713,57.1,57.5182711,42.3,55,52.78370338,37.9,64.14904745,83.1,44.4,43.20851978,52.1,59.2,54.6,54.00417177
31/01/2021,37.5,45.63511693,44.4,48.69524346,34,45.2,47.81262126,30.8,68.9403608,82.6,45.1,46.31391834,46.6,59.2,48.3,51.47945216
31/12/2020,42.95774648,48.90811823,45,50.85196943,42.8,49.3,49.94916139,35.9,64.17541622,70.4,44.4,44.8095332,50,52.9,49.1,51.73883969
30/11/2020,63.69863014,51.84996289,60.4,49.81032908,45.1,54.8,49.62298483,36.3,63.39168849,72.5,50.7,45.03039548,55.6,52.7,58.7,51.94107216
31/10/2020,67.64705882,59.49845674,72,61.79586384,54.6,63.2,59.87728168,36.8,63.69989126,82.1,50.7,46.4130507,65.4,56.7,63.4,58.25690884
30/09/2020,65.43209877,61.69723621,68.5,63.97502703,49.4,53.6,52.17772974,41,61.47321457,76.3,44.5,43.73410111,59,64.5,58.22268296,56.61146173
31/08/2020,59.75609756,58.42658497,61,58.61886626,45.1,47.6,45.96600875,38.1,64.55328233,73.4,39,39.75519054,50.6,63.4,53.83841463,53.46398657
31/07/2020,57.55813953,57.03059085,50.6,53.98591904,35.5,40.7,42.51066682,39.5,63.24485076,72.4,33.1,35.09530095,43,51.8,48.48837209,50.37346568
30/06/2020,57.64705882,62.55680353,54.2,59.8156204,34.5,47.6,51.54901976,38.1,57.97257427,75.3,30.4,33.47607678,37.5,51.2,50.34453782,53.07401895
31/05/2020,43.67088608,42.06681878,40.5,40.31446106,32.5,34,35.26559949,25.7,72.45681565,73.4,27.6,27.59028392,29.9,47.5,44.0115564,43.53879578
30/04/2020,5.46875,6.512864516,8.9,9.815912913,27.3,19.8,21.33164215,10.5,89.31141303,71.4,26.2,27.36127908,11.9,27.3,29.98532496,30.86662234
31/03/2020,32.14285714,31.90329008,33,34.26512213,25,37.5,36.12268627,33,64.39093584,71.4,40.7,40.7387789,32.1,29.1,42.07671958,41.48416264
29/02/2020,35.52631579,34.29970159,34.7,34.15235236,28.4,37.3,35.7860001,41.3,60.3543902,68,37.3,36.44239954,33.3,38.7,40.70526316,40.20696876
31/01/2020,38.70967742,46.92282058,40.2,43.77700566,28,41.4,43.65669581,48.9,50.56530136,69.8,35.3,36.43362231,38.7,42.5,41.34759233,44.27108914
31/12/2019,34.67741935,38.8500876,36.3,40.19047077,38.7,41.9,43.13815945,42.7,57.31599793,65.8,42.7,43.25466495,38.7,45.9,42.58064516,44.54987614
30/11/2019,47.93814433,39.16652243,51.6,42.43144754,40.95744681,45.4,41.56465114,43.8,55.80844664,63.29787234,44.3,39.81023713,44.32989691,47.39583333,49.07646048,43.75626098
31/10/2019,48.17073171,42.6507697,47.5,41.69949514,39.61038961,42.1,39.98770558,45.1,55.95239712,68.98734177,43.2,40.0045216,45.0617284,45.73170732,47.16003644,44.05897783
30/09/2019,42.04545455,39.39336735,41.5,39.20551566,32,40.9,39.45626361,51.1,52.02517626,76.70454545,40.4,39.85202129,41.5,46.1,42.75153218,41.98646883
31/08/2019,42.63157895,42.08099354,43,43.27612448,35.9,45.2,44.03148559,51.6,51.13727289,73.62637363,39.7,40.16154377,41.5,47.3,43.77635806,44.13748405
31/07/2019,50.43859649,50.71883409,50,52.40522332,41.8,49.1,51.39804729,48.6,53.95818426,67.88990826,41.7,43.69342799,44.1,54.5,48.52479524,50.43474339
30/06/2019,40.32258065,43.84393133,41.8,46.05895944,32.8,42.5,45.00093884,43.1,53.68830234,69.60784314,38.9,42.90394929,37.8,55.6,44.07758802,46.29921625
31/05/2019,43.84615385,42.32929384,43.8,43.88705086,35.9,43,44.01190436,43.1,53.85779288,67.69230769,43.8,43.71710428,45.3,62.3,46.28605769,45.56062924
30/04/2019,50,58.90356521,45.9,50.06213153,33.6,43.3,46.08624797,45.1,53.86805393,72.13114754,41,42.47983331,40.8,62.3,47.0273224,50.27996639
31/03/2019,44.11764706,43.47808582,44.9,46.09411645,37.3,50,48.52455342,45.6,52.20317702,74.26470588,44.1,43.50788497,41.5,59.6,47.5,46.76156353
28/02/2019,44.92753623,43.45592547,47.1,45.30500556,43.4,52.9,51.03829576,47.1,54.14874219,69.56521739,47.8,46.80969782,50,65.9,49.13256607,48.15153336
31/01/2019,41.66666667,50.47202226,46.3,50.11968245,34.1,44.8,47.01322604,46.3,53.11251683,70.89552239,44.8,46.59256269,41.8,67.2,46.24378109,49.46200206
31/12/2018,51.47058824,56.68136704,52.2,56.39418417,39,44.9,46.74216362,45.6,54.35486009,72.46376812,40.6,40.95168681,42.8,51.4,48.71909633,51.02485235
30/11/2018,58.57142857,47.91406585,58,47.87125119,43.5,52.1,48.48190499,44.2,55.2903036,78.57142857,47.1,42.96525886,54.3,48.6,54.32505176,48.5045569
31/10/2018,43.75,39.02176031,43.8,39.19401311,36.6,44.4,42.20234849,50,51.52424247,84.72222222,45.8,43.02509742,43.8,41.7,45.54381847,42.99349236
30/09/2018,42.95774648,39.88403029,43,41.08602961,34.3,50.7,48.81760696,47.2,55.77829978,85.91549296,44.3,43.70420855,42.8,45.8,46.7444668,45.85403504
31/08/2018,36.48648649,36.3338691,39.2,41.07557022,35.6,49.3,48.58416913,46.6,55.04632957,79.72972973,45.9,46.24885971,40.4,44.6,44.8630137,45.45775955
31/07/2018,43.42105263,44.27958933,45.4,47.30086254,36,46.7,48.81700025,46.7,54.92363198,83.55263158,48,49.74196305,44.6,48.7,47.36842105,49.01260943
30/06/2018,41.42857143,45.29391598,45,49.41293713,35.7,46.4,48.29616931,48.6,49.27149374,73.57142857,42.9,46.955432,45,55.7,45.42857143,47.84598963
31/05/2018,47.22222222,45.90141959,50.7,50.86822807,39.6,50,50.45139178,47.2,49.85974502,65.49295775,49.3,48.94173438,45,65.3,50.00782473,49.20450377
30/04/2018,47.97297297,55.51520072,50.7,54.96230165,37.8,46.6,49.06159012,50,48.57337199,66.89189189,47.3,48.89080921,48,69.6,48.51536468,51.40065474
31/03/2018,48.7012987,47.90185512,46.8,47.14468281,35.1,42.9,41.77996379,48,51.1321193,60.66666667,50,48.86025452,44.8,73.7,48.0570745,47.36377511
28/02/2018,55.76923077,53.95843406,56.3,53.22670423,37.8,44.9,43.60365752,47.4,53.12461915,59.61538462,45.6,44.79695216,54.5,79.1,51.03375527,49.74207342
31/01/2018,41.97530864,50.84369232,45.7,49.49288616,41.3,43.8,45.96941508,46.9,52.47466412,70.37037037,42.6,44.71835867,45.6,72.8,45.43981481,48.69980327
31/12/2017,41.97530864,45.20907362,44.4,46.75980094,38.3,40,42.08146282,46.9,52.65715906,75.30864198,45.1,45.33687383,46.3,61.9,44.91358025,46.40887405
30/11/2017,56.62650602,46.37911208,56.6,47.04373382,42.8,46.4,43.49496634,42.2,57.3102125,80.72289157,49.4,45.4968861,47,50,53.37349398,47.94498217
31/10/2017,50.6097561,45.39183702,55.48780488,50.47414715,41.46341463,51.82926829,49.21912498,48.7654321,52.97050684,73.17073171,47.56097561,45.37252294,48.14814815,51.2345679,51.34447456,48.68562779
30/09/2017,48.21428571,44.49074262,47.02380952,45.18984302,39.28571429,49.4047619,47.50626969,51.19047619,51.7657297,71.42857143,45.83333333,44.9637481,45.23809524,52.38095238,47.85714286,46.78326663
31/08/2017,40.90909091,41.1396643,40.90909091,43.76366534,35.79545455,46.59090909,46.53614371,48.86363636,51.94717688,67.24137931,46.59090909,46.638757,40.34090909,46.59090909,45.22727273,46.00508145
31/07/2017,34.375,35.57925763,35,37.05594372,31.875,43.75,45.47793214,49.36708861,51.59391345,61.25,41.875,43.15433322,36.25,51.25,41.12658228,42.57227603
30/06/2017,40,44.17701478,39.41176471,43.17474113,28.82352941,45.88235294,47.39264233,47.64705882,51.34063892,61.30952381,42.94117647,46.72934226,39.41176471,50,44.11764706,46.56287588
31/05/2017,51.19047619,50.20436875,51.78571429,51.72979801,35.11904762,48.79518072,48.5804377,48.21428571,49.62782624,68.29268293,47.02380952,46.56330724,44.04761905,61.44578313,50.116179,49.34114759
30/04/2017,36.70886076,41.64506505,41.13924051,44.81541397,30.12820513,41.13924051,42.69020777,45.56962025,53.00365848,69.87179487,46.83544304,48.45422922,35.8974359,55.76923077,44.05063291,46.1217149
31/03/2017,54.59770115,53.50440404,53.44827586,52.8032921,38.37209302,52.87356322,51.76192397,50.57471264,49.71588844,63.52941176,50.57471264,49.27150894,50.58823529,68.02325581,52.18390805,51.4114035
28/02/2017,53.88888889,51.88171482,57.86516854,53.95707296,42.13483146,52.24719101,51.33606228,47.77777778,52.3163099,67.97752809,47.75280899,47.10319421,51.66666667,67.77777778,52.79525593,51.31887083
31/01/2017,41.95402299,50.62286702,45.93023256,50.10300496,33.72093023,47.09302326,49.36227715,48.25581395,51.3355292,72.35294118,45.34883721,48.02186171,44.18604651,70.34883721,46.41406041,49.88910801
31/12/2016,46.875,49.22531469,50.625,52.21716592,39.24050633,44.30379747,46.84902122,55.06329114,43.71174065,63.92405063,47.46835443,47.58040379,42.30769231,56.875,46.84177215,47.91672925
30/11/2016,58.33333333,47.97250356,59.44444444,49.98539239,38.76404494,50,46.93980465,50,49.18553953,65.55555556,50.55555556,46.65718017,50,53.88888889,53.66666667,48.14808406
31/10/2016,48.9010989,44.18408389,49.45054945,45.26758999,33.51648352,50.54945055,47.65400714,48.35164835,53.38814233,59.44444444,48.35164835,46.38090868,46.7032967,50.56179775,49.78021978,47.3749464
30/09/2016,53.06122449,48.95073737,51.53061224,49.36102444,40.10416667,49.48979592,47.75877657,49.48979592,52.90602751,59.69387755,51.03092784,49.77064258,51.53061224,63.7755102,51.12455291,49.7494417
31/08/2016,44.50549451,45.47780938,42.85714286,45.5468162,34.61538462,45.6043956,45.75618686,47.25274725,52.7256481,64.83516484,50,49.82671953,46.15384615,61.53846154,47.14285714,47.86663601
31/07/2016,43.68421053,45.91371707,47.34042553,51.47340195,35.86956522,48.94736842,50.97609215,48.42105263,52.20806459,72.10526316,48.92473118,50.61595029,44.73684211,58.94736842,48.09513661,50.23744521
30/06/2016,47.14285714,52.32245864,48.07692308,52.74743835,38.46153846,50.96153846,52.90468619,46.66666667,53.12325113,81.42857143,45.19230769,48.86268577,50,52.88461538,48.94139194,51.99210402
31/05/2016,51.7699115,51.02891268,49.55752212,49.47678551,33.18584071,50.88495575,50.36089228,45.13274336,53.83104794,80.08849558,48.2300885,47.65760589,46.875,54.05405405,51.0619469,50.47104886
30/04/2016,54.45544554,60.67001864,54.5,59.74362992,37.62376238,52.97029703,54.51795248,47.02970297,51.38066893,77.72277228,46.53465347,48.48968596,50.4950495,55.94059406,52.28613861,54.96039119
31/03/2016,50,48.64912776,53.72340426,52.13711071,36.17021277,51.59574468,50.38549145,47.87234043,53.1361901,87.76595745,46.80851064,45.84801379,48.40425532,51.08695652,50.85106383,50.03118676
29/02/2016,45.40816327,43.5500087,50.51020408,46.72463873,32.8125,47.91666667,47.39040101,46.39175258,53.61876669,90.72164948,46.90721649,46.21829974,40.72164948,44.84536082,48.87009959,47.50042297
31/01/2016,30.33707865,36.51088412,37.22222222,41.09424597,28.88888889,42.69662921,44.88452136,45.50561798,54.47636024,85.95505618,42.77777778,45.56895253,39.3258427,39.44444444,41.50561798,44.50699284
31/12/2015,43.95604396,45.05009733,45,45.8218756,34.83146067,48.35164835,51.05376509,47.22222222,50.89845304,77.22222222,47.19101124,47.18160386,41.66666667,46.06741573,47.45529626,48.00115898
30/11/2015,50.29761905,41.5348549,50.89820359,43.37652663,38.55421687,51.49700599,48.01613063,48.51190476,50.41506248,75.1497006,46.40718563,42.59517557,48.19277108,43.07228916,50.1176219,45.18755005
31/10/2015,53.17460317,48.26328973,55.64516129,51.11312831,39.51612903,53.96825397,50.73789295,52.38095238,49.23629868,73.80952381,47.58064516,45.41742936,51.58730159,53.22580645,51.59754224,48.9536078
30/09/2015,51.49253731,47.64219791,55.97014925,52.91173711,35.82089552,53.73134328,51.7828157,54.47761194,47.67341294,77.6119403,50.74626866,49.15684867,52.23880597,49.25373134,51.49253731,49.83340247
31/08/2015,49.18032787,50.88724647,50.81967213,52.99506426,36.06557377,52.5,52.70744807,50,49.31140789,76.27118644,45.08196721,44.80236092,49.15254237,52.45901639,49.51639344,50.14070552
31/07/2015,46.32352941,49.65629189,44.02985075,48.79051218,34.32835821,52.94117647,55.44104144,50,50.88085672,75,44.02985075,45.96803454,47.05882353,63.23529412,47.46488147,50.14734735
30/06/2015,45.13888889,50.31093703,46.47887324,51.16723279,34.50704225,50.69444444,53.31990644,50.69444444,49.4817744,77.08333333,43.66197183,47.3783308,45.77464789,61.97183099,47.05594679,50.33163629
31/05/2015,49.30555556,48.73477699,50.69444444,51.10315113,32.63888889,55.55555556,55.11518161,47.22222222,52.42051513,73.23943662,46.52777778,45.95178241,50.69444444,61.80555556,50.97222222,50.66508145
30/04/2015,39.51612903,43.58074372,40.32258065,44.21375972,32.25806452,54.03225806,55.12253162,46.03174603,52.56374658,69.04761905,42.74193548,44.91203517,49.20634921,56.34920635,46.11623144,48.07856336
31/03/2015,47.61904762,45.72752508,50.6097561,48.73034311,40.85365854,52.97619048,51.57043867,50.5952381,50.83390682,67.85714286,46.34146341,45.87103555,54.16666667,60.84337349,49.3902439,48.54664985
28/02/2015,48.17073171,45.88487699,51.85185185,48.05419448,34.14634146,53.65853659,53.66880733,50.6097561,49.65092463,60.36585366,45.73170732,44.72278576,50,64.375,49.76061427,48.39631784
31/01/2015,48.75,58.84964424,48.125,53.6061079,30.37974684,55.625,59.05558855,49.375,50.97441433,61.875,41.875,44.65270405,57.5,66.875,49,53.42769181
31/12/2014,49.34210526,49.66475879,52,52.55608883,41.44736842,53.94736842,55.92654323,44.66666667,52.85814453,63.15789474,46.71052632,46.40354661,58.55263158,62.66666667,51.46666667,51.4818164
30/11/2014,64.66666667,53.90033641,62.66666667,54.11055135,48,62.5,57.45203672,46.71052632,51.75541614,67.76315789,52.63157895,47.96833795,59.86842105,50.65789474,59.15087719,53.03733571
31/10/2014,54.54545455,49.56671592,55.19480519,50.26049595,39.61038961,58.55263158,55.17816967,48.7012987,52.30307819,75.97402597,49.34210526,46.60727998,53.28947368,60.38961039,53.78673958,50.78314794
30/09/2014,55.84415584,51.47139319,52.63157895,49.37407773,37.01298701,53.8961039,51.60680309,48.7012987,52.84569987,78.57142857,48.68421053,47.19229529,50.64935065,55.26315789,52.4709501,50.49805383
31/08/2014,46.02272727,47.91219951,48.86363636,49.76894084,37.5,51.70454545,51.50022942,46.02272727,53.29881087,77.27272727,44.25287356,44.17312345,46.59090909,56.32183908,48.96421108,49.33066082
31/07/2014,35.54216867,38.96124293,39.75903614,44.68038863,37.34939759,42.07317073,44.67287437,42.77108434,58.23023786,76.5060241,41.46341463,43.65673783,38.55421687,55.42168675,43.21334117,46.04029632
30/06/2014,36.04651163,40.01639889,40.11627907,44.24018068,35.46511628,52.3255814,56.12757727,48.25581395,52.11822033,73.8372093,44.76744186,48.85627725,38.95348837,58.33333333,45,48.27173088
31/05/2014,42.26190476,41.81516532,44.04761905,44.89428614,32.73809524,49.4047619,49.48337793,48.80952381,51.42755621,70.83333333,38.0952381,37.61424105,44.04761905,59.63855422,45,45.04692533
30/04/2014,45.78313253,50.29432553,42.1686747,46.00346129,40.96385542,51.2195122,52.00725417,45.78313253,53.00470734,79.26829268,43.37349398,45.88253043,43.97590361,54.21686747,47.35233617,49.43845575
31/03/2014,53.20512821,50.6225538,48.07692308,46.46550683,44.87179487,55.19480519,53.71091077,48.71794872,52.68604253,93.03797468,51.89873418,51.9049713,51.92307692,54.48717949,51.93152839,51.07799705
28/02/2014,50.70422535,48.43769711,52.11267606,48.92292625,45.77464789,59.15492958,59.51070262,47.18309859,53.25808505,95.07042254,51.4084507,49.57249717,49.28571429,55.71428571,53.23943662,51.94038164
31/01/2014,38.76404494,47.18551509,44.94382022,50.03496685,38.76404494,48.87640449,52.26703789,49.43820225,51.25710425,89.3258427,48.31460674,51.31449412,48.29545455,61.36363636,46.29213483,50.41182364
31/12/2013,51.80722892,51.40430975,52.40963855,52.56260121,37.34939759,48.79518072,49.33713073,43.37349398,53.87172129,80.12048193,46.98795181,46.42945973,46.95121951,57.92682927,51.3253012,50.72104454
30/11/2013,61.93181818,52.1962523,60.22727273,51.93592802,43.18181818,59.65909091,53.99819602,44.88636364,53.22227564,77.84090909,53.97727273,48.97391792,55.74712644,59.77011494,58.18181818,52.06531398
31/10/2013,58.79120879,53.14918929,57.14285714,51.87098498,41.75824176,56.04395604,52.99317401,50.54945055,49.89325348,80.76923077,52.1978022,49.0236708,54.94505495,62.22222222,54.72527473,51.38605451
30/09/2013,50.58823529,46.25923518,52.35294118,49.01565625,36.47058824,55.88235294,53.12752437,47.05882353,53.98226314,82.73809524,49.41176471,48.07293503,55.29411765,51.76470588,52.23529412,50.09152279
31/08/2013,56.32911392,58.20409439,55.76923077,56.05681335,37.82051282,57.59493671,57.02652006,44.93670886,54.54222863,87.17948718,49.36708861,49.64208745,54.43037975,55.84415584,54.82473223,55.09434877
31/07/2013,46.98795181,52.19704011,48.19277108,54.44085078,34.93975904,48.19277108,51.88949192,49.39759036,52.08867654,87.95180723,45.18072289,47.7809136,42.77108434,53.01204819,47.8313253,51.67939459
30/06/2013,47.72727273,52.79094604,49.43181818,54.61482311,33.52272727,47.72727273,52.24125635,47.72727273,52.80725515,82.18390805,41.47727273,45.70323193,40.34090909,52.84090909,47.72727273,51.63150251
31/05/2013,50,49.73961927,50,51.42219497,37.64705882,52.35294118,52.91358412,49.41176471,51.15612121,82.35294118,46.47058824,46.00187778,50.58823529,54.11764706,49.88235294,50.24667947
30/04/2013,48,52.61617433,50.66666667,54.47702751,38.51351351,44.66666667,45.32242256,45.33333333,53.84053953,78,41.33333333,43.59414336,47.97297297,51.33333333,47.86666667,49.97006146
31/03/2013,49.25373134,47.06690449,52.23880597,51.13603726,40.625,55.3030303,53.99666256,49.25373134,51.97598359,87.31343284,43.28358209,43.39518331,53.03030303,47.01492537,50.16508367,49.51415424
28/02/2013,52.66666667,50.77123846,56.08108108,53.37281835,36.30136986,55.40540541,55.93078188,48,52.55002012,86,48,45.85323668,54.72972973,56.75675676,52.83063063,51.6956191
31/01/2013,39.86486486,48.9766047,44.59459459,49.8695325,30.55555556,50.67567568,54.92028629,49.33333333,51.524477,82,41.21621622,43.35757111,43.33333333,58.21917808,45.4036036,49.72969432
31/12/2012,50,48.93771817,47.46835443,47.1639197,34.61538462,52.53164557,51.63358556,43.03797468,54.28318293,79.74683544,46.83544304,45.9938592,51.89873418,55.12820513,50.75949367,49.60245311
30/11/2012,53.57142857,45.60901481,55.95238095,48.22476519,39.28571429,56.54761905,50.49294424,43.45238095,54.3076542,79.51807229,54.76190476,49.94796655,50.5952381,52.40963855,55.47619048,49.716469
31/10/2012,50,44.61877018,52.97619048,47.52578294,43.52941176,53.57142857,50.65672362,46.47058824,53.36281127,77.05882353,51.76470588,48.48483686,52.94117647,57.05882353,52.36834734,48.92978497
30/09/2012,50,45.47768007,52.74725275,49.2504914,40.2173913,54.83870968,51.27288582,49.46236559,51.13527542,75.82417582,47.82608696,46.83729998,51.07526882,55.49450549,51.18993676,48.79472654
31/08/2012,48.86363636,49.96262593,47.09302326,47.22956568,37.93103448,52.84090909,51.98901758,48.29545455,51.73879884,70.93023256,48.85057471,49.53065063,51.70454545,52.87356322,49.87053778,50.09013173
31/07/2012,46.56862745,51.83041259,45.5,51.53728773,40.0990099,49.01960784,53.67795588,50.98039216,50.90148391,62.74509804,45.54455446,48.11726173,48.52941176,53.96039604,47.13047952,51.21288037
30/06/2012,43.75,48.16925992,43.61702128,47.96289226,36.84210526,46.875,52.27703688,48.94736842,51.56709959,65.10416667,43.68421053,48.2539384,46.31578947,57.44680851,45.79577268,49.64604541
31/05/2012,54.3956044,54.55740154,50,51.51467884,43.33333333,56.59340659,57.87546611,50.54945055,50.15605493,73.62637363,50.55555556,50.37179361,52.74725275,58.98876404,52.1990232,52.89507901
30/04/2012,51.5625,56.49613128,50.52083333,53.94974117,42.1875,53.64583333,54.93835679,51.03092784,48.189832,71.05263158,46.875,49.17887494,48.96907216,56.25,50.31464777,52.55058724
31/03/2012,58.01886792,56.00434381,56.60377358,56.25455855,41.42857143,55.60747664,54.7967963,50.46728972,50.62227071,72.89719626,47.64150943,47.63419624,49.52830189,62.38095238,53.48086757,53.06243312
29/02/2012,60.19417476,58.82373152,57.35294118,55.6539421,43.62745098,51.47058824,51.67248986,50,50.47988756,75.72815534,49.02912621,46.67558985,51.94174757,66.17647059,53.60936608,52.66112818
31/01/2012,43.08510638,53.23990029,48.93617021,55.30703843,39.36170213,45.21276596,49.45377155,42.55319149,58.1187035,81.38297872,44.68085106,46.6512851,49.46808511,65.05376344,47.87234043,52.55413977
31/12/2011,53.7037037,52.05151107,53.08641975,51.91805569,40.625,56.79012346,54.32143468,44.44444444,53.31587419,83.33333333,48.14814815,46.8420131,45.625,61.25,53.45679012,51.68977775
30/11/2011,61.60714286,52.50081307,60.71428571,52.28709903,45.98214286,63.06306306,55.93137093,43.75,54.12831549,82.14285714,49.10714286,45.26664939,53.125,55,58.1483269,52.02284958
31/10/2011,59.80392157,52.95018328,61.76470588,54.76711419,49.01960784,55.88235294,52.70330806,45.09803922,54.05175631,82.17821782,48.51485149,45.51862892,55.39215686,62.37623762,56.17355853,51.99819815
30/09/2011,59.67741935,54.25736799,57.44680851,53.19998529,45.69892473,62.3655914,57.45538074,45.74468085,54.56125311,73.93617021,45.21276596,44.41810419,54.30107527,60.75268817,55.79158087,52.77841826
31/08/2011,47.08333333,47.71792779,46.72131148,47.00349891,38.13559322,54.54545455,53.51268928,49.17355372,51.42268258,75.20661157,42.21311475,43.08363767,44.95798319,53.71900826,48.27793208,48.54808725
31/07/2011,35.13513514,38.84280308,45.27027027,51.03204568,43.24324324,45.89041096,50.64013681,48.64864865,53.28378513,75,38.35616438,40.35090397,45.83333333,59.45945946,43.20066642,46.82993493
30/06/2011,51.94805195,57.00962855,53.94736842,58.91023569,40.25974026,50.64935065,57.16409567,49.35064935,50.8664205,75.97402597,44.80519481,49.35167585,52.5974026,64.28571429,50.39986329,54.66041125
31/05/2011,54.9382716,55.61301106,58.02469136,59.79897504,43.75,51.85185185,53.42677754,49.38271605,51.05970034,80,46.25,46.39904215,56.79012346,66.66666667,52.33641975,53.25950123
30/04/2011,51.25,55.7419138,54.375,57.92210632,39.24050633,56.875,58.89995827,48.75,50.74641748,82.91139241,46.25,48.23577242,53.75,58.125,52,54.30923366
31/03/2011,58,56.54885785,57.33333333,57.79920601,45.33333333,56.75675676,56.46617442,46.66666667,54.38961064,88,47.33333333,47.13052114,52,58.10810811,54.55135135,54.46687401
28/02/2011,49.46236559,48.92513507,52.15053763,51.99792015,41.39784946,53.76344086,54.08853065,44.62365591,55.66870914,81.72043011,51.61290323,49.49366679,50,61.29032258,52.47311828,52.03479236
31/01/2011,40.625,50.6491753,49.375,56.75870403,35,51.875,57.85376317,43.75,56.62287292,71.25,46.25,47.84889114,44.375,67.08860759,48.875,53.94668131
31/12/2010,57.40740741,55.07318739,58.02469136,55.73790097,43.82716049,61.11111111,57.14805276,49.38271605,48.8952551,63.125,48.14814815,46.2982357,53.08641975,62.5,55.0617284,52.63052638
30/11/2010,62.77777778,53.69849395,65.55555556,56.68064491,42.22222222,60.55555556,53.20701349,48.88888889,49.10332754,61.79775281,50,46.82963361,57.22222222,64.60674157,58,51.9038227
31/10/2010,57.38636364,50.56636134,61.93181818,53.92913698,39.77272727,61.93181818,57.99945823,47.72727273,50.89508577,56.39534884,48.29545455,45.39825022,51.72413793,60.34482759,56.36363636,51.75765851
30/09/2010,51.33333333,46.79498716,58,53.24443541,38.66666667,55.33333333,50.31856036,50,50.07845991,62.16216216,50,49.22169491,52.66666667,58.78378378,52.93333333,49.93162755
31/08/2010,48.40425532,48.85031142,54.25531915,54.57124832,38.82978723,55.91397849,54.68717649,48.40425532,53.0231293,60.63829787,48.40425532,49.69886026,49.46808511,59.57446809,51.71471059,52.16614516
31/07/2010,49.41860465,53.95423531,47.6744186,53.28055754,40.11627907,51.1627907,56.33135832,51.1627907,50.69180767,59.41176471,47.6744186,49.72101211,48.25581395,57.73809524,48.95348837,52.79579419
30/06/2010,45.26315789,49.17926803,47.91666667,51.66968648,37.5,47.91666667,54.48549596,47.91666667,51.8098507,64.58333333,45.3125,49.12174483,50,59.47368421,47.69846491,51.2532092
31/05/2010,48.55769231,49.40005876,50.96153846,52.38518234,35.09615385,52.88461538,54.92524655,45.19230769,54.87424864,67.78846154,46.60194175,47.15627634,51.92307692,64.0776699,50.76269604,51.74820253
30/04/2010,48.0952381,52.38936242,50.47619048,54.24135822,36.66666667,49.04761905,51.07401717,44.71153846,54.97800311,63.80952381,50.96153846,53.20223875,48.57142857,65.71428571,50.77380952,53.17699594
31/03/2010,57.07070707,56.10186845,52.02020202,53.17397458,38.88888889,53.53535354,54.19528775,49.49494949,51.59240667,61.61616162,53.06122449,52.60502756,46.96969697,73.23232323,53.23850752,53.533713
28/02/2010,59.31372549,59.05224239,58.91089109,60.6596572,41.08910891,54.90196078,55.68776728,51.96078431,48.26605236,61.88118812,51.47058824,49.83102064,51.47058824,74.01960784,54.52727626,54.69934797
31/01/2010,43.75,54.899902,45.40229885,53.00966288,29.88505747,45.40229885,50.93096354,50.56818182,49.51855046,52.84090909,48.29545455,49.88670173,48.25581395,73.29545455,46.45637409,51.64915612
31/12/2009,56.93069307,54.37722952,57.92079208,54.78141861,44,56.43564356,52.39954334,48.51485149,50.31019359,55,50.99009901,48.73463841,49.5049505,69.5,54.75247525,52.12060469
30/11/2009,55.09259259,47.32079074,61.11111111,52.9447976,45.28301887,55.55555556,48.61890218,47.22222222,51.60464739,49.07407407,48.14814815,45.6942052,50.92592593,64.95327103,54.53703704,49.23666862
31/10/2009,55.95238095,49.2576486,57.14285714,49.06467424,41.56626506,47.02380952,43.51126743,50,48.35184507,47.61904762,48.21428571,45.46722279,50,67.85714286,51.66666667,47.13053163
30/09/2009,53.79746835,48.9857576,53.79746835,49.27300313,34.41558442,50.63291139,46.01723018,51.89873418,48.01893041,48.07692308,43.67088608,42.85334978,44.30379747,70.25316456,50,47.02965422
31/08/2009,39.53488372,39.82888806,40.69767442,40.52998687,27.3255814,40.11627907,38.8723903,58.72093023,43.69254204,45.34883721,39.53488372,40.53397023,36.62790698,59.30232558,40.23255814,40.6915555
31/07/2009,32.91139241,35.58048742,36.07594937,39.62877345,29.74683544,33.5443038,36.40460848,56.96202532,44.70874003,48.73417722,40.13157895,41.52777232,36.70886076,55.06329114,37.14023984,39.57007634
30/06/2009,37.07865169,39.73055979,36.93181818,39.50858791,23.86363636,26.66666667,30.29650177,52.77777778,46.18967776,51.68539326,37.5,39.78117285,31.11111111,52.80898876,37.07987175,39.10130002
31/05/2009,34.56790123,35.23296798,35.18518519,36.09876859,27.21518987,33.95061728,35.54206137,54.32098765,45.4559366,45.625,37.03703704,37.68876689,29.62962963,51.25,37.28395062,38.00370029
30/04/2009,29.54545455,32.30428786,31.03448276,33.66747001,20.45454545,28.16091954,29.42795841,53.44827586,46.36537166,57.95454545,33.52272727,35.17263995,29.88505747,48.29545455,33.76306165,35.38754558
31/03/2009,30.55555556,30.244461,31.66666667,32.81281923,21.11111111,36.11111111,36.96561998,55,46.41659526,60,38.88888889,38.47579973,34.26966292,46.55172414,36.44444444,36.98305904
28/02/2009,31.41025641,31.5949045,28.84615385,30.52992686,28.84615385,42.94871795,44.08757233,44.80519481,55.41021469,60.8974359,39.74358974,39.07067261,31.16883117,38.31168831,39.62870463,40.1386582
31/01/2009,28.48837209,35.96208644,27.90697674,32.99811208,30.81395349,47.09302326,53.1902021,50.58139535,49.29124723,59.88372093,40.11627907,41.47093142,36.62790698,40.58823529,38.60465116,42.58251585
31/12/2008,35.21126761,33.50577173,39.43661972,36.82234363,31.69014085,50.70422535,47.45485759,50.70422535,47.94007259,71.83098592,46.47887324,44.37791004,41.54929577,39.43661972,44.22535211,42.02019112
30/11/2008,35.8974359,30.8824329,41.02564103,35.57486861,29.22077922,49.35897436,42.95984407,50.64935065,48.56249919,84.61538462,46.75324675,44.95877996,45.45454545,29.87012987,44.47718948,40.58768495
31/10/2008,47.95918367,42.15108774,47.93814433,41.05790787,33.85416667,54.08163265,49.56150589,45.40816327,53.42380731,85.71428571,49.48979592,46.64956917,45.91836735,49.47916667,50.81211866,46.5687756
30/09/2008,47.61904762,43.25644876,49.4047619,45.20480326,40.74074074,59.52380952,54.28605362,47.61904762,51.99468109,81.54761905,48.19277108,47.17717054,46.42857143,57.8313253,51.4242685,48.38383145
31/08/2008,45.83333333,46.05771826,45.3125,44.80827186,37.09677419,57.8125,55.41999807,45.83333333,56.57492647,87.5,45.74468085,46.56543932,51.5625,53.84615385,49.77393617,49.8852708
31/07/2008,39.80582524,42.74233545,37.86407767,40.63070837,35.78431373,46.15384615,49.1710214,45.19230769,55.87569533,91.82692308,42.07920792,43.16643003,46.63461538,50,44.14212986,46.31723812
30/06/2008,38.58695652,40.68817163,41.75824176,44.16872694,35.39325843,48.36956522,54.57955155,50.54347826,47.8092876,90.76086957,45.05494505,46.56835422,45.10869565,52.1978022,44.64524606,46.76281839
31/05/2008,45.3125,46.38134843,44.27083333,45.59908182,40,53.125,55.98771565,46.875,53.0750444,91.14583333,48.95833333,49.90435613,48.94736842,55.31914894,48.95833333,50.18950929
30/04/2008,47.70114943,52.48890015,48.85057471,53.41609482,43.10344828,52.29885057,54.57466041,43.10344828,56.92451526,93.10344828,50,52.99621514,53.48837209,47.64705882,51.14942529,54.08007715
31/03/2008,37.65432099,37.72297586,43.20987654,45.01839336,36.25,54.32098765,56.0172408,53.08641975,48.20870981,90.74074074,42.59259259,42.20562716,48.7654321,45.51282051,44.9382716,45.8345894
29/02/2008,40.65934066,41.3379318,42.85714286,46.17569395,40,48.9010989,50.76399558,47.8021978,52.38491745,86.81318681,43.40659341,43.19365009,50.54945055,48.88888889,45.6043956,46.77123777
31/01/2008,38.46153846,48.62887391,43.58974359,51.8527565,40.78947368,46.15384615,52.15483109,48.71794872,51.15838931,79.48717949,51.28205128,53.45609799,47.43589744,52.7027027,46.15384615,51.45018976
31/12/2007,56.4516129,53.51321684,57.14285714,53.09506746,50.80645161,57.93650794,54.96975954,49.19354839,48.74999336,76.98412698,57.93650794,55.52266923,57.93650794,59.52380952,56.05478751,53.17014129
30/11/2007,62.5,53.50714713,63.69047619,55.30840582,51.80722892,66.66666667,58.23064683,48.80952381,50.99258401,70.23809524,54.16666667,52.56078583,59.52380952,58.92857143,59.64285714,54.11991392
31/10/2007,60.98901099,53.50551302,65.38461538,56.48983658,50,66.66666667,60.93702134,48.35164835,50.70879064,75.27472527,54.94505495,51.87941575,60,61.53846154,59.92673993,54.70411546
30/09/2007,54.72972973,49.52856808,57.43243243,52.49056629,45.89041096,59.45945946,54.68419658,47.97297297,51.636621,82.43243243,52.7027027,51.39548166,59.5890411,60.13513514,55.27027027,51.94708672
31/08/2007,51.82926829,51.80826279,56.79012346,55.71505842,46.2962963,59.75609756,56.53893105,53.75,49.14317507,79.26829268,58.53658537,58.65422892,57.31707317,65.24390244,54.63241494,54.37193125
31/07/2007,54.49438202,58.57317914,57.30337079,60.35631828,45.45454545,58.88888889,61.70003557,48.88888889,52.02357353,81.66666667,52.80898876,53.99370079,52.80898876,68.33333333,54.92134831,57.32936146
30/06/2007,55.17241379,57.67662999,53.44827586,56.30561736,41.27906977,51.72413793,57.58671942,43.75,54.53210661,84.65909091,54.59770115,55.42171925,51.13636364,65.90909091,54.23850575,56.30455853
31/05/2007,56.4516129,58.04674563,56.52173913,58.48237473,48.91304348,58.06451613,61.05895546,45.69892473,54.70540249,81.1827957,52.1978022,52.7621249,56.4516129,67.74193548,55.50734913,57.01112064
30/04/2007,54.9382716,60.46536083,53.75,58.83554397,45.56962025,59.25925926,61.86595748,46.91358025,53.48170107,80.24691358,51.25,54.64861644,54.9382716,69.375,54.45679012,57.85943596
31/03/2007,61.03896104,62.01777005,62.33766234,64.92006751,51.94805195,57.14285714,58.48535316,46.1038961,54.88955935,76.62337662,56.57894737,56.42109306,59.09090909,66.02564103,58.19890636,59.34676863
28/02/2007,59.87654321,61.52855518,60.36585366,65.56877943,51.2345679,56.70731707,60.0560866,48.7804878,51.36351898,73.7804878,56.70731707,57.08597095,62.80487805,71.51898734,56.97530864,59.12058223
31/01/2007,48.57142857,61.34472722,51.42857143,60.68211858,54.47761194,56.33802817,63.96147411,47.88732394,51.82395316,76.76056338,47.85714286,50.3886848,62.14285714,67.91044776,51.26156942,57.64019157
31/12/2006,59.67741935,56.25476112,61.29032258,57.00422033,48.38709677,59.52380952,57.06389063,43.65079365,53.69688772,73.38709677,54.83870968,52.80411589,55.55555556,65.07936508,58.3358935,55.36477514
30/11/2006,67.55319149,57.44962403,68.08510638,58.67440765,56.98924731,68.42105263,59.6752877,48.94736842,50.9821263,83.5106383,55.31914894,53.78441145,64.89361702,64.89361702,62.0862262,56.11317143
31/10/2006,66.17647059,58.17216837,69.11764706,60.83647767,50.97087379,66.34615385,60.71242439,52.91262136,46.41862243,85.78431373,57.35294118,54.48976283,66.17647059,67.47572816,61.21611826,56.12589114
30/09/2006,63.37209302,57.08926242,62.79069767,57.63632988,48.8372093,67.44186047,62.7640196,47.09302326,52.55582651,81.97674419,55.88235294,54.36904819,60.46511628,72.6744186,60.47879617,56.88289732
31/08/2006,61.57894737,61.20618705,63.15789474,62.05718877,49.46808511,69.14893617,65.2978146,53.15789474,49.64823183,84.21052632,54.73684211,53.92853193,62.23404255,67.89473684,59.09294513,58.42759084
31/07/2006,59.79381443,64.71556618,61.34020619,63.77570012,52.10526316,60.82474227,63.05372127,49.48453608,51.4875902,85.78947368,53.60824742,54.63282256,58.94736842,72.39583333,57.21649485,59.53308006
30/06/2006,57.95454545,59.99952545,59.65909091,62.9470071,52.27272727,57.38636364,62.76867838,46.59090909,51.86038812,77.27272727,53.97727273,54.31097311,57.38636364,69.31818182,56.47727273,58.37731443
31/05/2006,57.52688172,59.18890961,60.75268817,63.2732188,46.73913043,53.76344086,56.49027621,51.61290323,49.43943536,68.8172043,50.53763441,50.79309831,54.83870968,69.89247312,54.19354839,55.83698766
30/04/2006,50.625,55.7206237,53.75,58.82377749,40.50632911,58.2278481,60.73307996,52.5,48.24651299,66.875,45.625,48.73313137,54.375,68.125,51.14556962,54.4514251
31/03/2006,52.80898876,54.45406127,52.80898876,54.59227627,43.75,56.17977528,56.63672889,52.80898876,47.71224248,64.04494382,46.62921348,46.77154413,53.97727273,68.3908046,51.12359551,52.03337061
28/02/2006,47.25274725,49.01738839,47.8021978,51.59682345,41.66666667,53.84615385,57.85801217,50,49.90598653,60.98901099,45.05494505,45.54222152,48.9010989,71.42857143,48.79120879,50.78408641
31/01/2006,39.63414634,50.09112212,45.12195122,52.19956926,41.97530864,39.75903614,45.17241784,48.7804878,50.87790131,62.65060241,44.51219512,47.25280306,45.0617284,69.87951807,44.0493682,49.11876272
31/12/2005,60.21505376,56.43723572,58.69565217,54.7045876,46.73913043,55.97826087,53.79756586,45.69892473,50.83695865,60.75268817,50.53763441,48.92461767,56.4516129,67.39130435,55.9455353,52.9401931
30/11/2005,62.88659794,53.13761995,62.88659794,53.73735628,47.91666667,63.40206186,55.40543165,49.48453608,50.56896023,68.55670103,48.96907216,47.44521521,57.8125,64.43298969,57.73195876,52.05891667
31/10/2005,62.88659794,55.29099753,59.79381443,53.79618975,46.875,61.34020619,56.40114444,53.09278351,46.41190411,66.66666667,53.09278351,51.05190863,55.67010309,65.97938144,56.80412371,52.59042889
30/09/2005,65.59139785,58.85122185,66.12903226,61.0250991,44.62365591,59.04255319,55.73243892,56.38297872,43.28893556,62.23404255,51.08695652,49.37380689,55.85106383,65.42553191,57.09339222,53.65430046
31/08/2005,59.2920354,58.74330663,58.84955752,58.16793343,47.32142857,54.5045045,51.59856132,47.74774775,54.49722225,60.26785714,50,48.62651283,54.95495495,70.53571429,54.97966994,54.32670729
31/07/2005,60.1010101,65.43928162,58.58585859,61.1622407,41.32653061,55.55555556,57.61979808,52.52525253,48.6272841,67.17171717,47.47474747,48.32669646,53.06122449,73.5,53.83838384,56.23506019
30/06/2005,56.5,58.38608295,58,61.65549254,44.94949495,61.38613861,65.88409825,50,49.04273318,65.84158416,50,50.41656256,60.1010101,69.30693069,55.17722772,57.0769939
31/05/2005,53.5,54.96025933,54.04040404,56.14568301,45.45454545,54.54545455,57.25334759,52.02020202,49.55062628,68.18181818,50,50.03040462,47.95918367,70.5,52.01313131,53.58806417
30/04/2005,49.43820225,54.41641646,54.49438202,59.43051906,42.13483146,53.37078652,55.74832608,49.43181818,51.36625539,67.41573034,46.62921348,49.63657512,47.22222222,66.11111111,50.90015322,54.11961842
31/03/2005,56.97674419,59.34125153,58.13953488,59.95054653,42.94117647,56.39534884,55.80892982,45.34883721,54.72881243,61.49425287,54.65116279,55.18925935,58.72093023,71.51162791,56.1627907,57.00375993
28/02/2005,57.44680851,59.67942635,54.78723404,58.55186098,41.39784946,50.53191489,54.68214574,47.89473684,51.77673172,57.44680851,48.40425532,49.17911098,51.06382979,66.31578947,52.65509518,54.77385515
31/01/2005,43.43434343,54.97632752,45,50.88648429,41.32653061,46.90721649,53.32019407,50,49.36559628,58.5,46,48.97472495,44.3877551,67.5,46.26831199,51.50466542
31/12/2004,58.21917808,54.46166728,63.01369863,58.41462137,54.16666667,59.5890411,57.00950714,42.56756757,54.00786119,49.31506849,48.61111111,46.9987313,54.86111111,61.48648649,57.37309227,54.17847766
30/11/2004,69.19191919,57.9785288,71.21212121,59.90207565,46.93877551,57.65306122,50.22977402,50.50505051,49.25761404,60.60606061,47.97979798,46.00820192,59.69387755,65.65656566,59.10636982,52.67523889
31/10/2004,67.82178218,59.618295,63.86138614,58.71378979,46.5,58.91089109,54.63802545,46.03960396,53.71269847,67.82178218,48.01980198,46.63173979,59.69387755,68.62745098,58.51485149,54.6629097
30/09/2004,67.36842105,60.47033407,67.36842105,62.39206649,46.73913043,59.375,56.49949922,50.51546392,49.16399215,64.94845361,55.31914894,53.20355107,55.26315789,67.5257732,59.78310542,56.3458886
31/08/2004,61.57894737,61.22473889,61.05263158,61.46496129,44.14893617,60.52631579,58.04722038,51.05263158,51.06079805,47.34042553,53.15789474,51.43002857,57.9787234,69.79166667,57.05263158,56.64554944
31/07/2004,54.34782609,59.47442453,55.43478261,58.77641356,41.75824176,53.19148936,55.6200194,51.57894737,49.97696147,46.84210526,48.91304348,49.89687187,50.52631579,68.94736842,52.06163883,54.74893817
30/06/2004,60.58823529,62.31921424,56.54761905,60.55633018,42.77108434,52.35294118,55.34723538,50,49.99895461,59.03614458,49.39759036,50.2405625,54.16666667,70.58823529,53.77727718,55.69245938
31/05/2004,56.74157303,58.27271403,58.52272727,60.49408333,44.18604651,55,57.71033846,53.88888889,47.88982347,66.66666667,54.54545455,54.64646639,56.74157303,71.11111111,54.18417319,55.80268514
30/04/2004,54.21686747,59.66890196,56.70731707,61.6782275,45.67901235,49.4047619,51.77803715,52.38095238,48.29466269,64.28571429,52.40963855,55.52494337,55.48780488,71.42857143,52.07152652,55.38895453
31/03/2004,56.56565657,59.20432982,59.5959596,61.27822338,44.84536082,56.5,55.26905343,50,49.78793442,57.5,47.47474747,48.2945135,53.57142857,64.64646465,54.02727273,54.76681091
29/02/2004,55.67010309,57.67885254,55.72916667,58.68546316,40.52631579,46.96969697,50.4024064,52.02020202,47.02491187,58.7628866,50,50.84133874,48.46938776,63.63636364,51.26975294,52.92659454
31/01/2004,46.03960396,58.42067618,53,58.9349004,40.4040404,47.05882353,53.47972644,49.01960784,50.25639939,50,44.44444444,47.2051229,51.48514851,69.30693069,48.30465282,53.65936506
31/12/2003,57.30337079,53.63933315,59.09090909,54.46924355,45.40229885,55.55555556,52.74931546,49.44444444,46.78356601,37.77777778,49.43820225,47.5252736,54.44444444,62.77777778,54.38871865,51.03334635
30/11/2003,68.08510638,56.63073294,66.66666667,55.48235356,47.82608696,60.63829787,52.82065643,52.12765957,47.59390714,36.55913978,52.12765957,49.37680685,54.30107527,60.10638298,59.07801418,52.38089138
31/10/2003,53.515625,46.94700649,53.93700787,50.07334101,41.6,53.48837209,49.90010209,52.71317829,46.98870477,35.03937008,45.703125,44.66252708,46.06299213,56.0483871,50.78619033,47.71433629
30/09/2003,48.1981982,43.28909853,50,46.2164051,33.02752294,51.35135135,48.90755173,54.5045045,45.14151772,42.41071429,47.72727273,45.57357831,46.3963964,59.82142857,48.55446355,45.82563028
31/08/2003,49.57627119,49.47085773,47.00854701,48.01552325,35.2173913,50.83333333,49.32239601,53.36134454,48.55886957,45.83333333,48.72881356,47.24939678,44.53781513,65,48.55712411,48.52340867
31/07/2003,42.8,47.10744822,45.6,49.87299605,31.96721311,47.2,50.12498682,56.8,45.10625604,40.8,45.6,46.85151335,46.34146341,69.2,44.88,47.8126401
30/06/2003,45.10869565,46.43510126,40.2173913,43.4196075,32.96703297,49.46236559,51.90025049,56.4516129,44.47958996,37.09677419,42.39130435,43.60909261,41.39784946,63.44086022,44.1456288,45.96872836
31/05/2003,44,45.28598182,45.45454545,46.49811259,37.37373737,47.5,49.99043254,55,46.76896011,40.5,44,44.23099797,42.92929293,59.5,45.19090909,46.55489701
30/04/2003,46.35416667,50.91351329,45.26315789,49.19329444,33.15789474,50.51020408,53.0117252,53.06122449,47.30963376,51.02040816,43.22916667,45.5228708,49.48979592,61.73469388,46.45909416,49.1902075
31/03/2003,44.31818182,46.63206329,49.42528736,50.89744728,41.86046512,58.52272727,56.83926001,52.80898876,47.14196047,53.93258427,46.02272727,47.35271571,52.84090909,63.48314607,49.09598699,49.77268935
28/02/2003,50.5,51.95194811,54.08163265,56.25473771,39.58333333,54,57.29587906,49.5049505,49.05062869,57,46.5,47.18120262,50.50505051,72.27722772,51.11533643,52.34687924
31/01/2003,52.35294118,66.36403537,54.11764706,59.37590317,42.35294118,47.05882353,52.95087486,54.11764706,44.76601288,57.64705882,49.41176471,52.1233567,47.64705882,72.94117647,49.76470588,55.1160366
31/12/2002,61.875,57.82784329,63.75,58.45199241,51.92307692,60.625,57.33829103,48.14814815,48.64213425,54.32098765,53.75,51.30353787,62.5,69.75308642,58.37037037,54.71275977
30/11/2002,67.9245283,56.13786449,68.0952381,55.90663071,48.01980198,65.88785047,57.51301304,47.68518519,51.93372056,65.27777778,54.71698113,50.94993771,63.20754717,71.75925926,61.78788256,54.4882333
31/10/2002,65.95744681,57.77240715,65.05376344,60.45955153,50.54347826,60.52631579,56.66029367,47.89473684,51.9878556,81.57894737,52.65957447,51.65268122,65.26315789,67.89473684,59.26047273,55.70655783
30/09/2002,67.5,60.62829478,66.5,61.85410628,50,56.43564356,53.63647107,45.09803922,54.48174316,82.35294118,55,52.47486719,57.84313725,69.11764706,60.06752087,56.61509649
31/08/2002,59.31372549,59.47545363,57.35294118,59.36490775,44.5,54.36893204,53.46764457,49.51923077,52.10786887,71.63461538,50,48.71335835,54.36893204,72.59615385,54.30327359,54.62584663
31/07/2002,49.46808511,55.13564051,50.53191489,56.54915901,42.93478261,50,53.61606913,45.78947368,55.9812124,75.26315789,48.93617021,50.59319867,50.53191489,64.73684211,50.62933931,54.37505594
30/06/2002,55.72916667,57.31890773,55.72916667,60.66995251,41.57894737,53.15789474,55.58448574,46.875,54.50592801,72.91666667,48.95833333,50.83355573,55.26315789,68.22916667,53.33991228,55.78256594
31/05/2002,60.67961165,62.55061258,63.10679612,64.08185499,42.07920792,54.36893204,57.67395692,48.07692308,53.10540149,76.44230769,50,50.74497761,55.82524272,70.19230769,56.01568335,57.63136072
30/04/2002,60.20408163,66.01536374,62.24489796,67.78086524,41.2371134,57.65306122,60.43813933,46.93877551,53.00649496,85.71428571,47.95918367,50.20811822,53.06122449,67.34693878,56.2244898,59.4897963
31/03/2002,54.60526316,57.75090674,51.31578947,52.84897114,45.27027027,46,44.66533001,42.76315789,57.45722049,88.81578947,49.34210526,51.25254845,52,55.92105263,51.7,52.79499537
28/02/2002,55,56.151708,55.55555556,56.86811376,44.94382022,50,52.09015023,46.15384615,52.01171607,91.75824176,48.31460674,48.78875046,51.66666667,63.48314607,52.54326323,53.1820877
31/01/2002,45.65217391,57.64914895,52.1978022,56.88439834,37.91208791,55.43478261,61.64903618,45.10869565,54.01899403,94.56521739,46.73913043,48.91129523,53.80434783,53.26086957,50.9830387,55.82257455
31/12/2001,62.9,58.7498876,65.9,60.39720109,45.4,55.6,52.67949813,46.1,51.12543814,88.3,50.6,48.02505894,57.2,55.6,57.78,54.19541678
30/11/2001,70.9,58.22385907,70.1,57.37901042,55.3,61,53.63000898,48,51.58707502,89.3,51.5,47.41083652,61.9,61.7,61.1,53.646158
31/10/2001,55.1,48.15502562,58,53.60587711,39.9,55.1,51.56632692,48.6,51.51076171,83.5,47.2,46.2473215,50.9,66.4,53.36,50.21706257
30/09/2001,50.6,45.36065164,54.1,50.4315176,52.4,58.8,55.61095601,48.2,51.04764212,80,47.6,45.35867745,52.3,87.3,52.58,49.56188896
31/08/2001,51.8,52.21360913,50.6,52.7597409,42.5,55.5,54.98424587,51.2,50.63523549,71.3,47,46.20868887,49.4,86.2,50.74,51.36030405
31/07/2001,46.8,52.98511264,47.9,54.63654284,41.3,51.6,55.70605998,54.2,47.85122901,76,43.1,44.76528225,47.4,87.4,47.04,51.18884534
30/06/2001,58.3,60.12076929,57.8,63.13355015,38.9,53.8,56.24230706,52.2,49.61635434,78.8,43.9,45.68962668,53.3,88.9,52.32,54.9605215
31/05/2001,57.3,59.04955307,58.5,58.84104034,38.6,51.6,55.32184131,49,51.92802832,70.3,45.3,46.38308428,46.8,88,52.74,54.30470947
30/04/2001,47.9,52.40190136,53.4,58.3160889,41.1,47.3,49.26344789,49.3,50.34174337,80.7,44.6,46.51209554,46.7,87.7,48.78,51.36705541
31/03/2001,55.9,59.48631705,55.3,57.07256171,39.3,53.3,51.96638608,50,50.66898673,81.8,42.1,44.07772294,51.3,87.8,51.32,52.6543949
28/02/2001,54.8,55.59453941,54.9,55.80211301,38.1,54,55.45122645,44.4,53.61485864,86.5,45.9,46.25094309,58.7,85.1,53.04,53.34273612
31/01/2001,40.5,50.82860536,46,50.04704053,37.3,48.5,53.15049424,43.8,55.29341751,83.8,38.3,39.8020313,51.5,90.3,45.9,49.82431779
31/12/2000,59.8,55.72167527,56.9,52.04405221,46.9,56,53.30900754,53,43.92315512,81.8,47.7,45.07477903,53.7,87.1,53.48,50.01453383
30/11/2000,66.5,54.2186125,66.5,54.30016612,50,61.7,54.7558,49.4,50.10732671,86.2,48.7,44.48821073,55.8,88,58.8,51.57402321
31/10/2000,68.4,59.59516528,68.4,63.01257314,41.3,62.3,58.49544904,50,50.45565176,87,46.7,45.59802583,59.9,87,59.16,55.43137301
30/09/2000,66.4,59.65418776,62.1,58.05302042,43.9,58,54.46575482,55.1,43.73013691,83.3,49.3,47.09091748,52.9,76,56.14,52.59880348
31/08/2000,50,50.78244444,53.3,55.88197988,32.4,63.8,63.54296841,51.3,50.68920635,75,40.7,40.32520775,54.6,81,51.3,52.24436137
31/07/2000,46.2,52.85775691,45.4,52.24245447,29.3,43,46.50764556,50,51.87334831,82.1,37.7,39.30026099,46.2,78,44.46,48.55629325
30/06/2000,47.8,49.49143702,47.8,52.15126109,32.1,50,52.19983709,50.7,51.1762341,88.4,42,43.69022223,47.8,76,47.38,49.74179831
31/05/2000,50,51.39439509,50,49.99273408,28.7,48.1,51.75539163,42.5,58.14961405,79.8,40.4,41.54125125,39.4,75,49.2,50.56667722
30/04/2000,48,52.36340583,46.8,51.13278372,37.2,66,68.41019649,47,52.5243913,80,46,47.86747278,51,88,51.96,54.45965002
31/03/2000,50,53.46613937,51.9,53.58373536,38,47.3,46.3325768,51.8,49.08138979,75.5,40,41.98555159,54.5,84,47.48,48.88987858
29/02/2000,60.6,61.21877418,64.3,65.22635602,46.8,61.5,62.69934704,48.1,49.5683235,72.6,43.1,43.39691391,56.7,88,56.28,56.42194293
31/01/2000,50,62.55930242,54.5,59.51205824,50,60.3,65.73775694,49.2,49.83927101,66.9,44,45.57107539,59.3,93,51.92,56.6438928
31/12/1999,61.2,57.00146231,64.3,58.8145517,54.1,60.2,57.46525488,44.9,52.47400071,60.2,44.8,42.27964255,56.1,90,57.12,53.60698243
30/11/1999,76.2,62.03652429,73,59.57576363,55.7,57.4,51.25212463,48.3,51.2904312,59.2,46.7,42.63695871,56.6,83,61,53.35836049
31/10/1999,74.6,64.71883614,65.4,60.16249343,53.1,52.3,49.13100842,50,50.54564596,67.9,41.7,40.62901603,55.2,83,56.8,53.0374
30/09/1999,62.2,56.02108227,62.2,58.03598922,47.7,53.3,49.79317615,46.7,52.21287112,64.4,40.9,39.1038952,61.1,89,54.38,51.03340279
